Timepoint,Replicate,Locus,ProtospacerStart,ProtospacerEnd,Sequence,Direction,n
t9,2.1,CR1,31582,31611,CTCAGTCGTTACTGGTGAACCAGTTTCAAT,F,12
t9,2.2,CR1,647,676,ATATCGTCCAGACTATCGCAGAATACTGAT,F,11
t9,2.2,CR1,16002,16032,TATGGTGTCGAAACTTTTAAACGTTACAATG,F,1
t9,2.2,CR1,27003,27032,AGATTTATAACATGGAAATTGACGATGAAA,F,11
t1,2.2,CR1,29896,29923,ATGGAGATGGTTGATTACGCAATCAACT,F,12
t4,2.3,CR1,867,900,AACTGTTTTAAGTGGTATTATTATATTATCGAAG,F,1
t9,2.3,CR1,900,867,GAAGCTATTATATTATTATGGTGAATTTTGTCAA,R,10
t4,2.3,CR1,1020,1049,CATAGCTTACAATGCGGCTCTTAAAGCTGG,F,4
t9,2.3,CR1,2846,2811,GCCATGACTATATAGAGTAGCTTTTTCGCTCCATGT,R,1
t4,2.3,CR1,20696,20725,TGGAATAAGGTATCGTGCGTTTTGACAAGC,F,1
t9,2.3,CR1,27356,27388,CTTTCCAGATTTAAGTAACTCTTTGAGTGTTTT,F,9
t4,2.3,CR1,28734,28767,AAGGCAAACAAGCTATAGTATATACACATAGCGT,F,3
t9,2.3,CR1,29618,29647,TTTTCCGTCTTCTTTTTTAGCAAAGATACG,F,1
t9,2.3,CR1,30017,29988,GCGACTGTTTGGTGGTTACTGACTTTTGCT,R,8
t9,2.3,CR3,32550,32584,GTATCAAACCAACGTCCATCAGCCATTC,F,1
t4,2.3,CR1,34587,34616,AGCCTAGATAGCGAAGTTGATCGTATCTAT,F,2
t4,2.4,CR1,23571,23600,TTGTTAAAAGAAGCACTAGAGGTGATTTAC,F,12
t9,2.4,CR1,23600,23571,CATTTAGTGGAGATCACGAAGAAAATTGTT,R,12
t9,2.4,CR1,29618,29647,TTTTCCGTCTTCTTTTTTAGCAAAGATACG,F,11
t9,2.4,CR1,33769,33799,CTGCGTGGAACTGTCAGAACATAGTAGACTG,F,1
t9,2.5,CR1,23363,23334,ATAGTTAACGCCTTTACACCGATCGAGGAA,R,5
t9,2.5,CR1,26669,26639,GCATACCACAGGTATGACCAAAAACAAGAAA,R,2
t9,2.5,CR1,29618,29647,TTTTCCGTCTTCTTTTTTAGCAAAGATACG,F,5
t9,2.6,CR1,2214,2185,GGTCATCACCATTAACTAATCGAATAAGAT,R,1
t4,2.6,CR1,10717,10748,ACGAAGGCTTGGAAAACATTTGATGGTAACTT,F,12
t9,2.6,CR1,10717,10748,ACGAAGGCTTGGAAAACATTTGATGGTAACTT,F,12
t9,2.6,CR1,22423,22395,ACATGATCTACAACTAGGTCAAGATTGCT,R,2
t9,2.6,CR1,25561,25531,AAACAAAAAATCTTTGAAGTTTATGACATAC,R,1
t9,2.6,CR1,27003,27032,TTTCATCGTCAATTTCCATGTTATAAATCT,F,2
t9,2.6,CR1,27410,27377,GTTCTCATCGAGGGAGTTATACGAAAGGTCTAAA,R,2
t9,2.6,CR1,29124,29095,CAAAATAATTGTGGAAAATCACTGGTAAGT,R,1
t9,2.6,CR1,29407,29378,AACAACCATTATTTGGGTTGGCCCGAATAT,R,1
t9,2.6,CR1,33877,33848,TGGTAACTGAAAGGTCAGTGGAACGGCACG,R,1
t9,2.6,CR1,33998,33968,GTACAGAATTATTGAGGAGTTTATTGAACCT,R,5
t9,2.7,CR3,32408,32436,CCAAGACACTCTTAGCAGTGCCCACGAAA,F,1
t9,2.7,CR3,32550,32584,GTATCAAACCAACGTCCATCAGCCATTCTGACTTT,F,11
t4,2.7,CR3,32584,32550,TTTCAGTCTTACCGACTACCTGCAACCAAACTATG,R,12
t9,2.11,CR1,32707,32736,TGAAAAAACGAGGAGCACTCGTAGGAGTGG,F,12